PID,CID,SaleDate,QtySold,SalesAmount,DeliveryDate,CategoryID,ProductName,Price
1,1,2018-05-05 16:41:52.187000000,31,910,2018-05-06 16:41:52.187000000,,,
1,1,2018-05-06 16:41:52.187000000,32,920,2018-05-07 16:41:52.187000000,,,
1,1,2018-05-07 16:41:52.187000000,33,930,2018-05-08 16:41:52.187000000,,,
1,1,2018-05-08 16:41:52.187000000,34,940,2018-05-09 16:41:52.187000000,,,
1,1,2018-05-09 16:41:52.187000000,35,950,2018-05-10 16:41:52.187000000,,,
1,1,2018-05-10 16:41:52.187000000,36,960,2018-05-11 16:41:52.187000000,,,
1,1,2018-05-11 16:41:52.187000000,37,970,2018-05-12 16:41:52.187000000,,,
1,1,2018-05-12 16:41:52.187000000,38,980,2018-05-13 16:41:52.187000000,,,
1,1,2018-05-13 16:41:52.187000000,39,990,2018-05-14 16:41:52.187000000,,,
1,1,2018-05-14 16:41:52.187000000,40,1000,2018-05-15 16:41:52.187000000,,,
1,1,2018-05-15 16:41:52.187000000,41,1010,2018-05-16 16:41:52.187000000,,,
1,1,2018-05-16 16:41:52.187000000,42,1020,2018-05-17 16:41:52.187000000,,,
1,1,2018-05-17 16:41:52.187000000,43,1030,2018-05-18 16:41:52.187000000,,,
1,1,2018-05-18 16:41:52.187000000,44,1040,2018-05-19 16:41:52.187000000,,,
1,1,2018-05-19 16:41:52.187000000,45,1050,2018-05-20 16:41:52.187000000,,,
1,1,2018-05-20 16:41:52.187000000,46,1060,2018-05-21 16:41:52.187000000,,,
1,1,2018-05-21 16:41:52.187000000,47,1070,2018-05-22 16:41:52.187000000,,,
1,1,2018-05-22 16:41:52.187000000,48,1080,2018-05-23 16:41:52.187000000,,,
1,1,2018-05-23 16:41:52.187000000,49,1090,2018-05-24 16:41:52.187000000,,,
1,1,2018-05-24 16:41:52.187000000,50,1100,2018-05-25 16:41:52.187000000,,,
1,1,2018-05-25 16:41:52.187000000,51,1110,2018-05-26 16:41:52.187000000,,,
1,1,2018-05-26 16:41:52.187000000,52,1120,2018-05-27 16:41:52.187000000,,,
1,1,2018-05-27 16:41:52.187000000,53,1130,2018-05-28 16:41:52.187000000,,,
1,1,2018-05-28 16:41:52.187000000,54,1140,2018-05-29 16:41:52.187000000,,,
1,1,2018-05-29 16:41:52.187000000,55,1150,2018-05-30 16:41:52.187000000,,,
1,1,2018-05-30 16:41:52.187000000,56,1160,2018-05-31 16:41:52.187000000,,,
1,1,2018-05-31 16:41:52.187000000,57,1170,2018-06-01 16:41:52.187000000,,,
1,1,2018-06-01 16:41:52.187000000,58,1180,2018-06-02 16:41:52.187000000,,,
1,1,2018-06-02 16:41:52.187000000,59,1190,2018-06-03 16:41:52.187000000,,,
1,1,2018-06-03 16:41:52.187000000,60,1200,2018-06-04 16:41:52.187000000,,,
1,1,2018-06-04 16:41:52.187000000,61,1210,2018-06-05 16:41:52.187000000,,,
1,1,2018-06-05 16:41:52.187000000,62,1220,2018-06-06 16:41:52.187000000,,,
1,1,2018-06-06 16:41:52.187000000,63,1230,2018-06-07 16:41:52.187000000,,,
1,1,2018-06-07 16:41:52.187000000,64,1240,2018-06-08 16:41:52.187000000,,,
1,1,2018-06-08 16:41:52.187000000,65,1250,2018-06-09 16:41:52.187000000,,,
1,1,2018-06-09 16:41:52.187000000,66,1260,2018-06-10 16:41:52.187000000,,,
1,1,2018-06-10 16:41:52.187000000,67,1270,2018-06-11 16:41:52.187000000,,,
1,1,2018-06-11 16:41:52.187000000,68,1280,2018-06-12 16:41:52.187000000,,,
1,1,2018-06-12 16:41:52.187000000,69,1290,2018-06-13 16:41:52.187000000,,,
1,1,2018-06-13 16:41:52.187000000,70,1300,2018-06-14 16:41:52.187000000,,,
1,1,2018-06-14 16:41:52.187000000,71,1310,2018-06-15 16:41:52.187000000,,,
1,1,2018-06-15 16:41:52.187000000,72,1320,2018-06-16 16:41:52.187000000,,,
1,1,2018-06-16 16:41:52.187000000,73,1330,2018-06-17 16:41:52.187000000,,,
1,1,2018-06-17 16:41:52.187000000,74,1340,2018-06-18 16:41:52.187000000,,,
1,1,2018-06-18 16:41:52.187000000,75,1350,2018-06-19 16:41:52.187000000,,,
1,1,2018-06-19 16:41:52.187000000,76,1360,2018-06-20 16:41:52.187000000,,,
1,1,2018-06-20 16:41:52.187000000,77,1370,2018-06-21 16:41:52.187000000,,,
1,1,2018-06-21 16:41:52.187000000,78,1380,2018-06-22 16:41:52.187000000,,,
1,1,2018-06-22 16:41:52.187000000,79,1390,2018-06-23 16:41:52.187000000,,,
1,1,2018-06-23 16:41:52.187000000,80,1400,2018-06-24 16:41:52.187000000,,,
2,1,2018-05-06 16:41:52.187000000,40,1200,2018-05-07 16:41:52.187000000,,,
2,1,2018-05-07 16:41:52.187000000,41,1210,2018-05-08 16:41:52.187000000,,,
2,1,2018-05-08 16:41:52.187000000,42,1220,2018-05-09 16:41:52.187000000,,,
2,1,2018-05-09 16:41:52.187000000,43,1230,2018-05-10 16:41:52.187000000,,,
2,1,2018-05-10 16:41:52.187000000,44,1240,2018-05-11 16:41:52.187000000,,,
2,1,2018-05-11 16:41:52.187000000,45,1250,2018-05-12 16:41:52.187000000,,,
2,1,2018-05-12 16:41:52.187000000,46,1260,2018-05-13 16:41:52.187000000,,,
2,1,2018-05-13 16:41:52.187000000,47,1270,2018-05-14 16:41:52.187000000,,,
2,1,2018-05-14 16:41:52.187000000,48,1280,2018-05-15 16:41:52.187000000,,,
2,1,2018-05-15 16:41:52.187000000,49,1290,2018-05-16 16:41:52.187000000,,,
2,1,2018-05-16 16:41:52.187000000,50,1300,2018-05-17 16:41:52.187000000,,,
2,1,2018-05-17 16:41:52.187000000,51,1310,2018-05-18 16:41:52.187000000,,,
2,1,2018-05-18 16:41:52.187000000,52,1320,2018-05-19 16:41:52.187000000,,,
2,1,2018-05-19 16:41:52.187000000,53,1330,2018-05-20 16:41:52.187000000,,,
2,1,2018-05-20 16:41:52.187000000,54,1340,2018-05-21 16:41:52.187000000,,,
2,1,2018-05-21 16:41:52.187000000,55,1350,2018-05-22 16:41:52.187000000,,,
2,1,2018-05-22 16:41:52.187000000,56,1360,2018-05-23 16:41:52.187000000,,,
2,1,2018-05-23 16:41:52.187000000,57,1370,2018-05-24 16:41:52.187000000,,,
2,1,2018-05-24 16:41:52.187000000,58,1380,2018-05-25 16:41:52.187000000,,,
2,1,2018-05-25 16:41:52.187000000,59,1390,2018-05-26 16:41:52.187000000,,,
2,1,2018-05-26 16:41:52.187000000,60,1400,2018-05-27 16:41:52.187000000,,,
2,1,2018-05-27 16:41:52.187000000,61,1410,2018-05-28 16:41:52.187000000,,,
2,1,2018-05-28 16:41:52.187000000,62,1420,2018-05-29 16:41:52.187000000,,,
2,1,2018-05-29 16:41:52.187000000,63,1430,2018-05-30 16:41:52.187000000,,,
2,1,2018-05-30 16:41:52.187000000,64,1440,2018-05-31 16:41:52.187000000,,,
2,1,2018-05-31 16:41:52.187000000,65,1450,2018-06-01 16:41:52.187000000,,,
2,1,2018-06-01 16:41:52.187000000,66,1460,2018-06-02 16:41:52.187000000,,,
2,1,2018-06-02 16:41:52.187000000,67,1470,2018-06-03 16:41:52.187000000,,,
2,1,2018-06-03 16:41:52.187000000,68,1480,2018-06-04 16:41:52.187000000,,,
2,1,2018-06-04 16:41:52.187000000,69,1490,2018-06-05 16:41:52.187000000,,,
2,1,2018-06-05 16:41:52.187000000,70,1500,2018-06-06 16:41:52.187000000,,,
2,1,2018-06-06 16:41:52.187000000,71,1510,2018-06-07 16:41:52.187000000,,,
2,1,2018-06-07 16:41:52.187000000,72,1520,2018-06-08 16:41:52.187000000,,,
2,1,2018-06-08 16:41:52.187000000,73,1530,2018-06-09 16:41:52.187000000,,,
2,1,2018-06-09 16:41:52.187000000,74,1540,2018-06-10 16:41:52.187000000,,,
2,1,2018-06-10 16:41:52.187000000,75,1550,2018-06-11 16:41:52.187000000,,,
2,1,2018-06-11 16:41:52.187000000,76,1560,2018-06-12 16:41:52.187000000,,,
2,1,2018-06-12 16:41:52.187000000,77,1570,2018-06-13 16:41:52.187000000,,,
2,1,2018-06-13 16:41:52.187000000,78,1580,2018-06-14 16:41:52.187000000,,,
2,1,2018-06-14 16:41:52.187000000,79,1590,2018-06-15 16:41:52.187000000,,,
2,1,2018-06-15 16:41:52.187000000,80,1600,2018-06-16 16:41:52.187000000,,,
2,1,2018-06-16 16:41:52.187000000,81,1610,2018-06-17 16:41:52.187000000,,,
2,1,2018-06-17 16:41:52.187000000,82,1620,2018-06-18 16:41:52.187000000,,,
2,1,2018-06-18 16:41:52.187000000,83,1630,2018-06-19 16:41:52.187000000,,,
2,1,2018-06-19 16:41:52.187000000,84,1640,2018-06-20 16:41:52.187000000,,,
2,1,2018-06-20 16:41:52.187000000,85,1650,2018-06-21 16:41:52.187000000,,,
2,1,2018-06-21 16:41:52.187000000,86,1660,2018-06-22 16:41:52.187000000,,,
2,1,2018-06-22 16:41:52.187000000,87,1670,2018-06-23 16:41:52.187000000,,,
2,1,2018-06-23 16:41:52.187000000,88,1680,2018-06-24 16:41:52.187000000,,,
2,1,2018-06-24 16:41:52.187000000,89,1690,2018-06-25 16:41:52.187000000,,,
1,2,2018-05-04 16:41:52.187000000,30,700,2018-05-05 16:41:52.187000000,,,
1,2,2018-05-05 16:41:52.187000000,31,710,2018-05-06 16:41:52.187000000,,,
1,2,2018-05-06 16:41:52.187000000,32,720,2018-05-07 16:41:52.187000000,,,
1,2,2018-05-07 16:41:52.187000000,33,730,2018-05-08 16:41:52.187000000,,,
1,2,2018-05-08 16:41:52.187000000,34,740,2018-05-09 16:41:52.187000000,,,
1,2,2018-05-09 16:41:52.187000000,35,750,2018-05-10 16:41:52.187000000,,,
1,2,2018-05-10 16:41:52.187000000,36,760,2018-05-11 16:41:52.187000000,,,
1,2,2018-05-11 16:41:52.187000000,37,770,2018-05-12 16:41:52.187000000,,,
1,2,2018-05-12 16:41:52.187000000,38,780,2018-05-13 16:41:52.187000000,,,
1,2,2018-05-13 16:41:52.187000000,39,790,2018-05-14 16:41:52.187000000,,,
1,2,2018-05-14 16:41:52.187000000,40,800,2018-05-15 16:41:52.187000000,,,
1,2,2018-05-15 16:41:52.187000000,41,810,2018-05-16 16:41:52.187000000,,,
1,2,2018-05-16 16:41:52.187000000,42,820,2018-05-17 16:41:52.187000000,,,
1,2,2018-05-17 16:41:52.187000000,43,830,2018-05-18 16:41:52.187000000,,,
1,2,2018-05-18 16:41:52.187000000,44,840,2018-05-19 16:41:52.187000000,,,
1,2,2018-05-19 16:41:52.187000000,45,850,2018-05-20 16:41:52.187000000,,,
1,2,2018-05-20 16:41:52.187000000,46,860,2018-05-21 16:41:52.187000000,,,
1,2,2018-05-21 16:41:52.187000000,47,870,2018-05-22 16:41:52.187000000,,,
1,2,2018-05-22 16:41:52.187000000,48,880,2018-05-23 16:41:52.187000000,,,
1,2,2018-05-23 16:41:52.187000000,49,890,2018-05-24 16:41:52.187000000,,,
1,2,2018-05-24 16:41:52.187000000,50,900,2018-05-25 16:41:52.187000000,,,
1,2,2018-05-25 16:41:52.187000000,51,910,2018-05-26 16:41:52.187000000,,,
1,2,2018-05-26 16:41:52.187000000,52,920,2018-05-27 16:41:52.187000000,,,
1,2,2018-05-27 16:41:52.187000000,53,930,2018-05-28 16:41:52.187000000,,,
1,2,2018-05-28 16:41:52.187000000,54,940,2018-05-29 16:41:52.187000000,,,
1,2,2018-05-29 16:41:52.187000000,55,950,2018-05-30 16:41:52.187000000,,,
1,2,2018-05-30 16:41:52.187000000,56,960,2018-05-31 16:41:52.187000000,,,
1,2,2018-05-31 16:41:52.187000000,57,970,2018-06-01 16:41:52.187000000,,,
1,2,2018-06-01 16:41:52.187000000,58,980,2018-06-02 16:41:52.187000000,,,
1,2,2018-06-02 16:41:52.187000000,59,990,2018-06-03 16:41:52.187000000,,,
1,2,2018-06-03 16:41:52.187000000,60,1000,2018-06-04 16:41:52.187000000,,,
1,2,2018-06-04 16:41:52.187000000,61,1010,2018-06-05 16:41:52.187000000,,,
1,2,2018-06-05 16:41:52.187000000,62,1020,2018-06-06 16:41:52.187000000,,,
1,2,2018-06-06 16:41:52.187000000,63,1030,2018-06-07 16:41:52.187000000,,,
1,2,2018-06-07 16:41:52.187000000,64,1040,2018-06-08 16:41:52.187000000,,,
1,2,2018-06-08 16:41:52.187000000,65,1050,2018-06-09 16:41:52.187000000,,,
1,2,2018-06-09 16:41:52.187000000,66,1060,2018-06-10 16:41:52.187000000,,,
1,2,2018-06-10 16:41:52.187000000,67,1070,2018-06-11 16:41:52.187000000,,,
1,2,2018-06-11 16:41:52.187000000,68,1080,2018-06-12 16:41:52.187000000,,,
1,2,2018-06-12 16:41:52.187000000,69,1090,2018-06-13 16:41:52.187000000,,,
1,2,2018-06-13 16:41:52.187000000,70,1100,2018-06-14 16:41:52.187000000,,,
1,2,2018-06-14 16:41:52.187000000,71,1110,2018-06-15 16:41:52.187000000,,,
1,2,2018-06-15 16:41:52.187000000,72,1120,2018-06-16 16:41:52.187000000,,,
1,2,2018-06-16 16:41:52.187000000,73,1130,2018-06-17 16:41:52.187000000,,,
1,2,2018-06-17 16:41:52.187000000,74,1140,2018-06-18 16:41:52.187000000,,,
1,2,2018-06-18 16:41:52.187000000,75,1150,2018-06-19 16:41:52.187000000,,,
1,2,2018-06-19 16:41:52.187000000,76,1160,2018-06-20 16:41:52.187000000,,,
1,2,2018-06-20 16:41:52.187000000,77,1170,2018-06-21 16:41:52.187000000,,,
1,2,2018-06-21 16:41:52.187000000,78,1180,2018-06-22 16:41:52.187000000,,,
1,2,2018-06-22 16:41:52.187000000,79,1190,2018-06-23 16:41:52.187000000,,,
5,2,2018-05-05 16:41:52.187000000,60,1400,2018-05-06 16:41:52.187000000,,,
5,2,2018-05-06 16:41:52.187000000,61,1410,2018-05-07 16:41:52.187000000,,,
5,2,2018-05-07 16:41:52.187000000,62,1420,2018-05-08 16:41:52.187000000,,,
5,2,2018-05-08 16:41:52.187000000,63,1430,2018-05-09 16:41:52.187000000,,,
5,2,2018-05-09 16:41:52.187000000,64,1440,2018-05-10 16:41:52.187000000,,,
5,2,2018-05-10 16:41:52.187000000,65,1450,2018-05-11 16:41:52.187000000,,,
5,2,2018-05-11 16:41:52.187000000,66,1460,2018-05-12 16:41:52.187000000,,,
5,2,2018-05-12 16:41:52.187000000,67,1470,2018-05-13 16:41:52.187000000,,,
5,2,2018-05-13 16:41:52.187000000,68,1480,2018-05-14 16:41:52.187000000,,,
5,2,2018-05-14 16:41:52.187000000,69,1490,2018-05-15 16:41:52.187000000,,,
5,2,2018-05-15 16:41:52.187000000,70,1500,2018-05-16 16:41:52.187000000,,,
5,2,2018-05-16 16:41:52.187000000,71,1510,2018-05-17 16:41:52.187000000,,,
5,2,2018-05-17 16:41:52.187000000,72,1520,2018-05-18 16:41:52.187000000,,,
5,2,2018-05-18 16:41:52.187000000,73,1530,2018-05-19 16:41:52.187000000,,,
5,2,2018-05-19 16:41:52.187000000,74,1540,2018-05-20 16:41:52.187000000,,,
5,2,2018-05-20 16:41:52.187000000,75,1550,2018-05-21 16:41:52.187000000,,,
5,2,2018-05-21 16:41:52.187000000,76,1560,2018-05-22 16:41:52.187000000,,,
5,2,2018-05-22 16:41:52.187000000,77,1570,2018-05-23 16:41:52.187000000,,,
5,2,2018-05-23 16:41:52.187000000,78,1580,2018-05-24 16:41:52.187000000,,,
5,2,2018-05-24 16:41:52.187000000,79,1590,2018-05-25 16:41:52.187000000,,,
5,2,2018-05-25 16:41:52.187000000,80,1600,2018-05-26 16:41:52.187000000,,,
5,2,2018-05-26 16:41:52.187000000,81,1610,2018-05-27 16:41:52.187000000,,,
5,2,2018-05-27 16:41:52.187000000,82,1620,2018-05-28 16:41:52.187000000,,,
5,2,2018-05-28 16:41:52.187000000,83,1630,2018-05-29 16:41:52.187000000,,,
5,2,2018-05-29 16:41:52.187000000,84,1640,2018-05-30 16:41:52.187000000,,,
5,2,2018-05-30 16:41:52.187000000,85,1650,2018-05-31 16:41:52.187000000,,,
5,2,2018-05-31 16:41:52.187000000,86,1660,2018-06-01 16:41:52.187000000,,,
5,2,2018-06-01 16:41:52.187000000,87,1670,2018-06-02 16:41:52.187000000,,,
5,2,2018-06-02 16:41:52.187000000,88,1680,2018-06-03 16:41:52.187000000,,,
5,2,2018-06-03 16:41:52.187000000,89,1690,2018-06-04 16:41:52.187000000,,,
5,2,2018-06-04 16:41:52.187000000,90,1700,2018-06-05 16:41:52.187000000,,,
5,2,2018-06-05 16:41:52.187000000,91,1710,2018-06-06 16:41:52.187000000,,,
5,2,2018-06-06 16:41:52.187000000,92,1720,2018-06-07 16:41:52.187000000,,,
5,2,2018-06-07 16:41:52.187000000,93,1730,2018-06-08 16:41:52.187000000,,,
5,2,2018-06-08 16:41:52.187000000,94,1740,2018-06-09 16:41:52.187000000,,,
5,2,2018-06-09 16:41:52.187000000,95,1750,2018-06-10 16:41:52.187000000,,,
5,2,2018-06-10 16:41:52.187000000,96,1760,2018-06-11 16:41:52.187000000,,,
5,2,2018-06-11 16:41:52.187000000,97,1770,2018-06-12 16:41:52.187000000,,,
5,2,2018-06-12 16:41:52.187000000,98,1780,2018-06-13 16:41:52.187000000,,,
5,2,2018-06-13 16:41:52.187000000,99,1790,2018-06-14 16:41:52.187000000,,,
5,2,2018-06-14 16:41:52.187000000,100,1800,2018-06-15 16:41:52.187000000,,,
5,2,2018-06-15 16:41:52.187000000,101,1810,2018-06-16 16:41:52.187000000,,,
5,2,2018-06-16 16:41:52.187000000,102,1820,2018-06-17 16:41:52.187000000,,,
5,2,2018-06-17 16:41:52.187000000,103,1830,2018-06-18 16:41:52.187000000,,,
5,2,2018-06-18 16:41:52.187000000,104,1840,2018-06-19 16:41:52.187000000,,,
5,2,2018-06-19 16:41:52.187000000,105,1850,2018-06-20 16:41:52.187000000,,,
5,2,2018-06-20 16:41:52.187000000,106,1860,2018-06-21 16:41:52.187000000,,,
5,2,2018-06-21 16:41:52.187000000,107,1870,2018-06-22 16:41:52.187000000,,,
5,2,2018-06-22 16:41:52.187000000,108,1880,2018-06-23 16:41:52.187000000,,,
5,2,2018-06-23 16:41:52.187000000,109,1890,2018-06-24 16:41:52.187000000,,,
5,3,2018-05-06 16:41:52.187000000,80,1500,2018-05-07 16:41:52.187000000,,,
5,3,2018-05-07 16:41:52.187000000,81,1510,2018-05-08 16:41:52.187000000,,,
5,3,2018-05-08 16:41:52.187000000,82,1520,2018-05-09 16:41:52.187000000,,,
5,3,2018-05-09 16:41:52.187000000,83,1530,2018-05-10 16:41:52.187000000,,,
5,3,2018-05-10 16:41:52.187000000,84,1540,2018-05-11 16:41:52.187000000,,,
5,3,2018-05-11 16:41:52.187000000,85,1550,2018-05-12 16:41:52.187000000,,,
5,3,2018-05-12 16:41:52.187000000,86,1560,2018-05-13 16:41:52.187000000,,,
5,3,2018-05-13 16:41:52.187000000,87,1570,2018-05-14 16:41:52.187000000,,,
5,3,2018-05-14 16:41:52.187000000,88,1580,2018-05-15 16:41:52.187000000,,,
5,3,2018-05-15 16:41:52.187000000,89,1590,2018-05-16 16:41:52.187000000,,,
5,3,2018-05-16 16:41:52.187000000,90,1600,2018-05-17 16:41:52.187000000,,,
5,3,2018-05-17 16:41:52.187000000,91,1610,2018-05-18 16:41:52.187000000,,,
5,3,2018-05-18 16:41:52.187000000,92,1620,2018-05-19 16:41:52.187000000,,,
5,3,2018-05-19 16:41:52.187000000,93,1630,2018-05-20 16:41:52.187000000,,,
5,3,2018-05-20 16:41:52.187000000,94,1640,2018-05-21 16:41:52.187000000,,,
5,3,2018-05-21 16:41:52.187000000,95,1650,2018-05-22 16:41:52.187000000,,,
5,3,2018-05-22 16:41:52.187000000,96,1660,2018-05-23 16:41:52.187000000,,,
5,3,2018-05-23 16:41:52.187000000,97,1670,2018-05-24 16:41:52.187000000,,,
5,3,2018-05-24 16:41:52.187000000,98,1680,2018-05-25 16:41:52.187000000,,,
5,3,2018-05-25 16:41:52.187000000,99,1690,2018-05-26 16:41:52.187000000,,,
5,3,2018-05-26 16:41:52.187000000,100,1700,2018-05-27 16:41:52.187000000,,,
5,3,2018-05-27 16:41:52.187000000,101,1710,2018-05-28 16:41:52.187000000,,,
5,3,2018-05-28 16:41:52.187000000,102,1720,2018-05-29 16:41:52.187000000,,,
5,3,2018-05-29 16:41:52.187000000,103,1730,2018-05-30 16:41:52.187000000,,,
5,3,2018-05-30 16:41:52.187000000,104,1740,2018-05-31 16:41:52.187000000,,,
5,3,2018-05-31 16:41:52.187000000,105,1750,2018-06-01 16:41:52.187000000,,,
5,3,2018-06-01 16:41:52.187000000,106,1760,2018-06-02 16:41:52.187000000,,,
5,3,2018-06-02 16:41:52.187000000,107,1770,2018-06-03 16:41:52.187000000,,,
5,3,2018-06-03 16:41:52.187000000,108,1780,2018-06-04 16:41:52.187000000,,,
5,3,2018-06-04 16:41:52.187000000,109,1790,2018-06-05 16:41:52.187000000,,,
5,3,2018-06-05 16:41:52.187000000,110,1800,2018-06-06 16:41:52.187000000,,,
5,3,2018-06-06 16:41:52.187000000,111,1810,2018-06-07 16:41:52.187000000,,,
5,3,2018-06-07 16:41:52.187000000,112,1820,2018-06-08 16:41:52.187000000,,,
5,3,2018-06-08 16:41:52.187000000,113,1830,2018-06-09 16:41:52.187000000,,,
5,3,2018-06-09 16:41:52.187000000,114,1840,2018-06-10 16:41:52.187000000,,,
5,3,2018-06-10 16:41:52.187000000,115,1850,2018-06-11 16:41:52.187000000,,,
5,3,2018-06-11 16:41:52.187000000,116,1860,2018-06-12 16:41:52.187000000,,,
5,3,2018-06-12 16:41:52.187000000,117,1870,2018-06-13 16:41:52.187000000,,,
5,3,2018-06-13 16:41:52.187000000,118,1880,2018-06-14 16:41:52.187000000,,,
5,3,2018-06-14 16:41:52.187000000,119,1890,2018-06-15 16:41:52.187000000,,,
5,3,2018-06-15 16:41:52.187000000,120,1900,2018-06-16 16:41:52.187000000,,,
5,3,2018-06-16 16:41:52.187000000,121,1910,2018-06-17 16:41:52.187000000,,,
5,3,2018-06-17 16:41:52.187000000,122,1920,2018-06-18 16:41:52.187000000,,,
5,3,2018-06-18 16:41:52.187000000,123,1930,2018-06-19 16:41:52.187000000,,,
5,3,2018-06-19 16:41:52.187000000,124,1940,2018-06-20 16:41:52.187000000,,,
5,3,2018-06-20 16:41:52.187000000,125,1950,2018-06-21 16:41:52.187000000,,,
5,3,2018-06-21 16:41:52.187000000,126,1960,2018-06-22 16:41:52.187000000,,,
5,3,2018-06-22 16:41:52.187000000,127,1970,2018-06-23 16:41:52.187000000,,,
5,3,2018-06-23 16:41:52.187000000,128,1980,2018-06-24 16:41:52.187000000,,,
5,3,2018-06-24 16:41:52.187000000,129,1990,2018-06-25 16:41:52.187000000,,,
6,3,2018-05-10 16:41:52.187000000,70,1800,2018-05-11 16:41:52.187000000,,,
6,3,2018-05-11 16:41:52.187000000,71,1810,2018-05-12 16:41:52.187000000,,,
6,3,2018-05-12 16:41:52.187000000,72,1820,2018-05-13 16:41:52.187000000,,,
6,3,2018-05-13 16:41:52.187000000,73,1830,2018-05-14 16:41:52.187000000,,,
6,3,2018-05-14 16:41:52.187000000,74,1840,2018-05-15 16:41:52.187000000,,,
6,3,2018-05-15 16:41:52.187000000,75,1850,2018-05-16 16:41:52.187000000,,,
6,3,2018-05-16 16:41:52.187000000,76,1860,2018-05-17 16:41:52.187000000,,,
6,3,2018-05-17 16:41:52.187000000,77,1870,2018-05-18 16:41:52.187000000,,,
6,3,2018-05-18 16:41:52.187000000,78,1880,2018-05-19 16:41:52.187000000,,,
6,3,2018-05-19 16:41:52.187000000,79,1890,2018-05-20 16:41:52.187000000,,,
6,3,2018-05-20 16:41:52.187000000,80,1900,2018-05-21 16:41:52.187000000,,,
6,3,2018-05-21 16:41:52.187000000,81,1910,2018-05-22 16:41:52.187000000,,,
6,3,2018-05-22 16:41:52.187000000,82,1920,2018-05-23 16:41:52.187000000,,,
6,3,2018-05-23 16:41:52.187000000,83,1930,2018-05-24 16:41:52.187000000,,,
6,3,2018-05-24 16:41:52.187000000,84,1940,2018-05-25 16:41:52.187000000,,,
6,3,2018-05-25 16:41:52.187000000,85,1950,2018-05-26 16:41:52.187000000,,,
6,3,2018-05-26 16:41:52.187000000,86,1960,2018-05-27 16:41:52.187000000,,,
6,3,2018-05-27 16:41:52.187000000,87,1970,2018-05-28 16:41:52.187000000,,,
6,3,2018-05-28 16:41:52.187000000,88,1980,2018-05-29 16:41:52.187000000,,,
6,3,2018-05-29 16:41:52.187000000,89,1990,2018-05-30 16:41:52.187000000,,,
6,3,2018-05-30 16:41:52.187000000,90,2000,2018-05-31 16:41:52.187000000,,,
6,3,2018-05-31 16:41:52.187000000,91,2010,2018-06-01 16:41:52.187000000,,,
6,3,2018-06-01 16:41:52.187000000,92,2020,2018-06-02 16:41:52.187000000,,,
6,3,2018-06-02 16:41:52.187000000,93,2030,2018-06-03 16:41:52.187000000,,,
6,3,2018-06-03 16:41:52.187000000,94,2040,2018-06-04 16:41:52.187000000,,,
6,3,2018-06-04 16:41:52.187000000,95,2050,2018-06-05 16:41:52.187000000,,,
6,3,2018-06-05 16:41:52.187000000,96,2060,2018-06-06 16:41:52.187000000,,,
6,3,2018-06-06 16:41:52.187000000,97,2070,2018-06-07 16:41:52.187000000,,,
6,3,2018-06-07 16:41:52.187000000,98,2080,2018-06-08 16:41:52.187000000,,,
6,3,2018-06-08 16:41:52.187000000,99,2090,2018-06-09 16:41:52.187000000,,,
6,3,2018-06-09 16:41:52.187000000,100,2100,2018-06-10 16:41:52.187000000,,,
6,3,2018-06-10 16:41:52.187000000,101,2110,2018-06-11 16:41:52.187000000,,,
6,3,2018-06-11 16:41:52.187000000,102,2120,2018-06-12 16:41:52.187000000,,,
6,3,2018-06-12 16:41:52.187000000,103,2130,2018-06-13 16:41:52.187000000,,,
6,3,2018-06-13 16:41:52.187000000,104,2140,2018-06-14 16:41:52.187000000,,,
6,3,2018-06-14 16:41:52.187000000,105,2150,2018-06-15 16:41:52.187000000,,,
6,3,2018-06-15 16:41:52.187000000,106,2160,2018-06-16 16:41:52.187000000,,,
6,3,2018-06-16 16:41:52.187000000,107,2170,2018-06-17 16:41:52.187000000,,,
6,3,2018-06-17 16:41:52.187000000,108,2180,2018-06-18 16:41:52.187000000,,,
6,3,2018-06-18 16:41:52.187000000,109,2190,2018-06-19 16:41:52.187000000,,,
6,3,2018-06-19 16:41:52.187000000,110,2200,2018-06-20 16:41:52.187000000,,,
6,3,2018-06-20 16:41:52.187000000,111,2210,2018-06-21 16:41:52.187000000,,,
6,3,2018-06-21 16:41:52.187000000,112,2220,2018-06-22 16:41:52.187000000,,,
6,3,2018-06-22 16:41:52.187000000,113,2230,2018-06-23 16:41:52.187000000,,,
6,3,2018-06-23 16:41:52.187000000,114,2240,2018-06-24 16:41:52.187000000,,,
6,3,2018-06-24 16:41:52.187000000,115,2250,2018-06-25 16:41:52.187000000,,,
6,3,2018-06-25 16:41:52.187000000,116,2260,2018-06-26 16:41:52.187000000,,,
6,3,2018-06-26 16:41:52.187000000,117,2270,2018-06-27 16:41:52.187000000,,,
6,3,2018-06-27 16:41:52.187000000,118,2280,2018-06-28 16:41:52.187000000,,,
6,3,2018-06-28 16:41:52.187000000,119,2290,2018-06-29 16:41:52.187000000,,,
5,4,2018-05-12 16:41:52.187000000,60,1400,2018-05-13 16:41:52.187000000,,,
5,4,2018-05-13 16:41:52.187000000,61,1410,2018-05-14 16:41:52.187000000,,,
5,4,2018-05-14 16:41:52.187000000,62,1420,2018-05-15 16:41:52.187000000,,,
5,4,2018-05-15 16:41:52.187000000,63,1430,2018-05-16 16:41:52.187000000,,,
5,4,2018-05-16 16:41:52.187000000,64,1440,2018-05-17 16:41:52.187000000,,,
5,4,2018-05-17 16:41:52.187000000,65,1450,2018-05-18 16:41:52.187000000,,,
5,4,2018-05-18 16:41:52.187000000,66,1460,2018-05-19 16:41:52.187000000,,,
5,4,2018-05-19 16:41:52.187000000,67,1470,2018-05-20 16:41:52.187000000,,,
5,4,2018-05-20 16:41:52.187000000,68,1480,2018-05-21 16:41:52.187000000,,,
5,4,2018-05-21 16:41:52.187000000,69,1490,2018-05-22 16:41:52.187000000,,,
5,4,2018-05-22 16:41:52.187000000,70,1500,2018-05-23 16:41:52.187000000,,,
5,4,2018-05-23 16:41:52.187000000,71,1510,2018-05-24 16:41:52.187000000,,,
5,4,2018-05-24 16:41:52.187000000,72,1520,2018-05-25 16:41:52.187000000,,,
5,4,2018-05-25 16:41:52.187000000,73,1530,2018-05-26 16:41:52.187000000,,,
5,4,2018-05-26 16:41:52.187000000,74,1540,2018-05-27 16:41:52.187000000,,,
5,4,2018-05-27 16:41:52.187000000,75,1550,2018-05-28 16:41:52.187000000,,,
5,4,2018-05-28 16:41:52.187000000,76,1560,2018-05-29 16:41:52.187000000,,,
5,4,2018-05-29 16:41:52.187000000,77,1570,2018-05-30 16:41:52.187000000,,,
5,4,2018-05-30 16:41:52.187000000,78,1580,2018-05-31 16:41:52.187000000,,,
5,4,2018-05-31 16:41:52.187000000,79,1590,2018-06-01 16:41:52.187000000,,,
5,4,2018-06-01 16:41:52.187000000,80,1600,2018-06-02 16:41:52.187000000,,,
5,4,2018-06-02 16:41:52.187000000,81,1610,2018-06-03 16:41:52.187000000,,,
5,4,2018-06-03 16:41:52.187000000,82,1620,2018-06-04 16:41:52.187000000,,,
5,4,2018-06-04 16:41:52.187000000,83,1630,2018-06-05 16:41:52.187000000,,,
5,4,2018-06-05 16:41:52.187000000,84,1640,2018-06-06 16:41:52.187000000,,,
5,4,2018-06-06 16:41:52.187000000,85,1650,2018-06-07 16:41:52.187000000,,,
5,4,2018-06-07 16:41:52.187000000,86,1660,2018-06-08 16:41:52.187000000,,,
5,4,2018-06-08 16:41:52.187000000,87,1670,2018-06-09 16:41:52.187000000,,,
5,4,2018-06-09 16:41:52.187000000,88,1680,2018-06-10 16:41:52.187000000,,,
5,4,2018-06-10 16:41:52.187000000,89,1690,2018-06-11 16:41:52.187000000,,,
5,4,2018-06-11 16:41:52.187000000,90,1700,2018-06-12 16:41:52.187000000,,,
5,4,2018-06-12 16:41:52.187000000,91,1710,2018-06-13 16:41:52.187000000,,,
5,4,2018-06-13 16:41:52.187000000,92,1720,2018-06-14 16:41:52.187000000,,,
5,4,2018-06-14 16:41:52.187000000,93,1730,2018-06-15 16:41:52.187000000,,,
5,4,2018-06-15 16:41:52.187000000,94,1740,2018-06-16 16:41:52.187000000,,,
5,4,2018-06-16 16:41:52.187000000,95,1750,2018-06-17 16:41:52.187000000,,,
5,4,2018-06-17 16:41:52.187000000,96,1760,2018-06-18 16:41:52.187000000,,,
5,4,2018-06-18 16:41:52.187000000,97,1770,2018-06-19 16:41:52.187000000,,,
5,4,2018-06-19 16:41:52.187000000,98,1780,2018-06-20 16:41:52.187000000,,,
5,4,2018-06-20 16:41:52.187000000,99,1790,2018-06-21 16:41:52.187000000,,,
5,4,2018-06-21 16:41:52.187000000,100,1800,2018-06-22 16:41:52.187000000,,,
5,4,2018-06-22 16:41:52.187000000,101,1810,2018-06-23 16:41:52.187000000,,,
5,4,2018-06-23 16:41:52.187000000,102,1820,2018-06-24 16:41:52.187000000,,,
5,4,2018-06-24 16:41:52.187000000,103,1830,2018-06-25 16:41:52.187000000,,,
5,4,2018-06-25 16:41:52.187000000,104,1840,2018-06-26 16:41:52.187000000,,,
5,4,2018-06-26 16:41:52.187000000,105,1850,2018-06-27 16:41:52.187000000,,,
5,4,2018-06-27 16:41:52.187000000,106,1860,2018-06-28 16:41:52.187000000,,,
5,4,2018-06-28 16:41:52.187000000,107,1870,2018-06-29 16:41:52.187000000,,,
5,4,2018-06-29 16:41:52.187000000,108,1880,2018-06-30 16:41:52.187000000,,,
5,4,2018-06-30 16:41:52.187000000,109,1890,2018-07-01 16:41:52.187000000,,,
6,4,2018-05-13 16:41:52.187000000,50,100,2018-05-14 16:41:52.187000000,,,
6,4,2018-05-14 16:41:52.187000000,51,110,2018-05-15 16:41:52.187000000,,,
6,4,2018-05-15 16:41:52.187000000,52,120,2018-05-16 16:41:52.187000000,,,
6,4,2018-05-16 16:41:52.187000000,53,130,2018-05-17 16:41:52.187000000,,,
6,4,2018-05-17 16:41:52.187000000,54,140,2018-05-18 16:41:52.187000000,,,
6,4,2018-05-18 16:41:52.187000000,55,150,2018-05-19 16:41:52.187000000,,,
6,4,2018-05-19 16:41:52.187000000,56,160,2018-05-20 16:41:52.187000000,,,
6,4,2018-05-20 16:41:52.187000000,57,170,2018-05-21 16:41:52.187000000,,,
6,4,2018-05-21 16:41:52.187000000,58,180,2018-05-22 16:41:52.187000000,,,
6,4,2018-05-22 16:41:52.187000000,59,190,2018-05-23 16:41:52.187000000,,,
6,4,2018-05-23 16:41:52.187000000,60,200,2018-05-24 16:41:52.187000000,,,
6,4,2018-05-24 16:41:52.187000000,61,210,2018-05-25 16:41:52.187000000,,,
6,4,2018-05-25 16:41:52.187000000,62,220,2018-05-26 16:41:52.187000000,,,
6,4,2018-05-26 16:41:52.187000000,63,230,2018-05-27 16:41:52.187000000,,,
6,4,2018-05-27 16:41:52.187000000,64,240,2018-05-28 16:41:52.187000000,,,
6,4,2018-05-28 16:41:52.187000000,65,250,2018-05-29 16:41:52.187000000,,,
6,4,2018-05-29 16:41:52.187000000,66,260,2018-05-30 16:41:52.187000000,,,
6,4,2018-05-30 16:41:52.187000000,67,270,2018-05-31 16:41:52.187000000,,,
6,4,2018-05-31 16:41:52.187000000,68,280,2018-06-01 16:41:52.187000000,,,
6,4,2018-06-01 16:41:52.187000000,69,290,2018-06-02 16:41:52.187000000,,,
6,4,2018-06-02 16:41:52.187000000,70,300,2018-06-03 16:41:52.187000000,,,
6,4,2018-06-03 16:41:52.187000000,71,310,2018-06-04 16:41:52.187000000,,,
6,4,2018-06-04 16:41:52.187000000,72,320,2018-06-05 16:41:52.187000000,,,
6,4,2018-06-05 16:41:52.187000000,73,330,2018-06-06 16:41:52.187000000,,,
6,4,2018-06-06 16:41:52.187000000,74,340,2018-06-07 16:41:52.187000000,,,
6,4,2018-06-07 16:41:52.187000000,75,350,2018-06-08 16:41:52.187000000,,,
6,4,2018-06-08 16:41:52.187000000,76,360,2018-06-09 16:41:52.187000000,,,
6,4,2018-06-09 16:41:52.187000000,77,370,2018-06-10 16:41:52.187000000,,,
6,4,2018-06-10 16:41:52.187000000,78,380,2018-06-11 16:41:52.187000000,,,
6,4,2018-06-11 16:41:52.187000000,79,390,2018-06-12 16:41:52.187000000,,,
6,4,2018-06-12 16:41:52.187000000,80,400,2018-06-13 16:41:52.187000000,,,
6,4,2018-06-13 16:41:52.187000000,81,410,2018-06-14 16:41:52.187000000,,,
6,4,2018-06-14 16:41:52.187000000,82,420,2018-06-15 16:41:52.187000000,,,
6,4,2018-06-15 16:41:52.187000000,83,430,2018-06-16 16:41:52.187000000,,,
6,4,2018-06-16 16:41:52.187000000,84,440,2018-06-17 16:41:52.187000000,,,
6,4,2018-06-17 16:41:52.187000000,85,450,2018-06-18 16:41:52.187000000,,,
6,4,2018-06-18 16:41:52.187000000,86,460,2018-06-19 16:41:52.187000000,,,
6,4,2018-06-19 16:41:52.187000000,87,470,2018-06-20 16:41:52.187000000,,,
6,4,2018-06-20 16:41:52.187000000,88,480,2018-06-21 16:41:52.187000000,,,
6,4,2018-06-21 16:41:52.187000000,89,490,2018-06-22 16:41:52.187000000,,,
6,4,2018-06-22 16:41:52.187000000,90,500,2018-06-23 16:41:52.187000000,,,
6,4,2018-06-23 16:41:52.187000000,91,510,2018-06-24 16:41:52.187000000,,,
6,4,2018-06-24 16:41:52.187000000,92,520,2018-06-25 16:41:52.187000000,,,
6,4,2018-06-25 16:41:52.187000000,93,530,2018-06-26 16:41:52.187000000,,,
6,4,2018-06-26 16:41:52.187000000,94,540,2018-06-27 16:41:52.187000000,,,
6,4,2018-06-27 16:41:52.187000000,95,550,2018-06-28 16:41:52.187000000,,,
6,4,2018-06-28 16:41:52.187000000,96,560,2018-06-29 16:41:52.187000000,,,
6,4,2018-06-29 16:41:52.187000000,97,570,2018-06-30 16:41:52.187000000,,,
6,4,2018-06-30 16:41:52.187000000,98,580,2018-07-01 16:41:52.187000000,,,
6,4,2018-07-01 16:41:52.187000000,99,590,2018-07-02 16:41:52.187000000,,,
12,5,2018-05-13 16:41:52.187000000,50,100,2018-05-14 16:41:52.187000000,,,
12,5,2018-05-14 16:41:52.187000000,51,110,2018-05-15 16:41:52.187000000,,,
12,5,2018-05-15 16:41:52.187000000,52,120,2018-05-16 16:41:52.187000000,,,
12,5,2018-05-16 16:41:52.187000000,53,130,2018-05-17 16:41:52.187000000,,,
12,5,2018-05-17 16:41:52.187000000,54,140,2018-05-18 16:41:52.187000000,,,
12,5,2018-05-18 16:41:52.187000000,55,150,2018-05-19 16:41:52.187000000,,,
12,5,2018-05-19 16:41:52.187000000,56,160,2018-05-20 16:41:52.187000000,,,
12,5,2018-05-20 16:41:52.187000000,57,170,2018-05-21 16:41:52.187000000,,,
12,5,2018-05-21 16:41:52.187000000,58,180,2018-05-22 16:41:52.187000000,,,
12,5,2018-05-22 16:41:52.187000000,59,190,2018-05-23 16:41:52.187000000,,,
12,5,2018-05-23 16:41:52.187000000,60,200,2018-05-24 16:41:52.187000000,,,
12,5,2018-05-24 16:41:52.187000000,61,210,2018-05-25 16:41:52.187000000,,,
12,5,2018-05-25 16:41:52.187000000,62,220,2018-05-26 16:41:52.187000000,,,
12,5,2018-05-26 16:41:52.187000000,63,230,2018-05-27 16:41:52.187000000,,,
12,5,2018-05-27 16:41:52.187000000,64,240,2018-05-28 16:41:52.187000000,,,
12,5,2018-05-28 16:41:52.187000000,65,250,2018-05-29 16:41:52.187000000,,,
12,5,2018-05-29 16:41:52.187000000,66,260,2018-05-30 16:41:52.187000000,,,
12,5,2018-05-30 16:41:52.187000000,67,270,2018-05-31 16:41:52.187000000,,,
12,5,2018-05-31 16:41:52.187000000,68,280,2018-06-01 16:41:52.187000000,,,
12,5,2018-06-01 16:41:52.187000000,69,290,2018-06-02 16:41:52.187000000,,,
12,5,2018-06-02 16:41:52.187000000,70,300,2018-06-03 16:41:52.187000000,,,
12,5,2018-06-03 16:41:52.187000000,71,310,2018-06-04 16:41:52.187000000,,,
12,5,2018-06-04 16:41:52.187000000,72,320,2018-06-05 16:41:52.187000000,,,
12,5,2018-06-05 16:41:52.187000000,73,330,2018-06-06 16:41:52.187000000,,,
12,5,2018-06-06 16:41:52.187000000,74,340,2018-06-07 16:41:52.187000000,,,
12,5,2018-06-07 16:41:52.187000000,75,350,2018-06-08 16:41:52.187000000,,,
12,5,2018-06-08 16:41:52.187000000,76,360,2018-06-09 16:41:52.187000000,,,
12,5,2018-06-09 16:41:52.187000000,77,370,2018-06-10 16:41:52.187000000,,,
12,5,2018-06-10 16:41:52.187000000,78,380,2018-06-11 16:41:52.187000000,,,
12,5,2018-06-11 16:41:52.187000000,79,390,2018-06-12 16:41:52.187000000,,,
12,5,2018-06-12 16:41:52.187000000,80,400,2018-06-13 16:41:52.187000000,,,
12,5,2018-06-13 16:41:52.187000000,81,410,2018-06-14 16:41:52.187000000,,,
12,5,2018-06-14 16:41:52.187000000,82,420,2018-06-15 16:41:52.187000000,,,
12,5,2018-06-15 16:41:52.187000000,83,430,2018-06-16 16:41:52.187000000,,,
12,5,2018-06-16 16:41:52.187000000,84,440,2018-06-17 16:41:52.187000000,,,
12,5,2018-06-17 16:41:52.187000000,85,450,2018-06-18 16:41:52.187000000,,,
12,5,2018-06-18 16:41:52.187000000,86,460,2018-06-19 16:41:52.187000000,,,
12,5,2018-06-19 16:41:52.187000000,87,470,2018-06-20 16:41:52.187000000,,,
12,5,2018-06-20 16:41:52.187000000,88,480,2018-06-21 16:41:52.187000000,,,
12,5,2018-06-21 16:41:52.187000000,89,490,2018-06-22 16:41:52.187000000,,,
12,5,2018-06-22 16:41:52.187000000,90,500,2018-06-23 16:41:52.187000000,,,
12,5,2018-06-23 16:41:52.187000000,91,510,2018-06-24 16:41:52.187000000,,,
12,5,2018-06-24 16:41:52.187000000,92,520,2018-06-25 16:41:52.187000000,,,
12,5,2018-06-25 16:41:52.187000000,93,530,2018-06-26 16:41:52.187000000,,,
12,5,2018-06-26 16:41:52.187000000,94,540,2018-06-27 16:41:52.187000000,,,
12,5,2018-06-27 16:41:52.187000000,95,550,2018-06-28 16:41:52.187000000,,,
12,5,2018-06-28 16:41:52.187000000,96,560,2018-06-29 16:41:52.187000000,,,
12,5,2018-06-29 16:41:52.187000000,97,570,2018-06-30 16:41:52.187000000,,,
12,5,2018-06-30 16:41:52.187000000,98,580,2018-07-01 16:41:52.187000000,,,
12,5,2018-07-01 16:41:52.187000000,99,590,2018-07-02 16:41:52.187000000,,,
13,5,2018-05-14 16:41:52.187000000,30,800,2018-05-15 16:41:52.187000000,,,
13,5,2018-05-15 16:41:52.187000000,31,810,2018-05-16 16:41:52.187000000,,,
13,5,2018-05-16 16:41:52.187000000,32,820,2018-05-17 16:41:52.187000000,,,
13,5,2018-05-17 16:41:52.187000000,33,830,2018-05-18 16:41:52.187000000,,,
13,5,2018-05-18 16:41:52.187000000,34,840,2018-05-19 16:41:52.187000000,,,
13,5,2018-05-19 16:41:52.187000000,35,850,2018-05-20 16:41:52.187000000,,,
13,5,2018-05-20 16:41:52.187000000,36,860,2018-05-21 16:41:52.187000000,,,
13,5,2018-05-21 16:41:52.187000000,37,870,2018-05-22 16:41:52.187000000,,,
13,5,2018-05-22 16:41:52.187000000,38,880,2018-05-23 16:41:52.187000000,,,
13,5,2018-05-23 16:41:52.187000000,39,890,2018-05-24 16:41:52.187000000,,,
13,5,2018-05-24 16:41:52.187000000,40,900,2018-05-25 16:41:52.187000000,,,
13,5,2018-05-25 16:41:52.187000000,41,910,2018-05-26 16:41:52.187000000,,,
13,5,2018-05-26 16:41:52.187000000,42,920,2018-05-27 16:41:52.187000000,,,
13,5,2018-05-27 16:41:52.187000000,43,930,2018-05-28 16:41:52.187000000,,,
13,5,2018-05-28 16:41:52.187000000,44,940,2018-05-29 16:41:52.187000000,,,
13,5,2018-05-29 16:41:52.187000000,45,950,2018-05-30 16:41:52.187000000,,,
13,5,2018-05-30 16:41:52.187000000,46,960,2018-05-31 16:41:52.187000000,,,
13,5,2018-05-31 16:41:52.187000000,47,970,2018-06-01 16:41:52.187000000,,,
13,5,2018-06-01 16:41:52.187000000,48,980,2018-06-02 16:41:52.187000000,,,
13,5,2018-06-02 16:41:52.187000000,49,990,2018-06-03 16:41:52.187000000,,,
13,5,2018-06-03 16:41:52.187000000,50,1000,2018-06-04 16:41:52.187000000,,,
13,5,2018-06-04 16:41:52.187000000,51,1010,2018-06-05 16:41:52.187000000,,,
13,5,2018-06-05 16:41:52.187000000,52,1020,2018-06-06 16:41:52.187000000,,,
13,5,2018-06-06 16:41:52.187000000,53,1030,2018-06-07 16:41:52.187000000,,,
13,5,2018-06-07 16:41:52.187000000,54,1040,2018-06-08 16:41:52.187000000,,,
13,5,2018-06-08 16:41:52.187000000,55,1050,2018-06-09 16:41:52.187000000,,,
13,5,2018-06-09 16:41:52.187000000,56,1060,2018-06-10 16:41:52.187000000,,,
13,5,2018-06-10 16:41:52.187000000,57,1070,2018-06-11 16:41:52.187000000,,,
13,5,2018-06-11 16:41:52.187000000,58,1080,2018-06-12 16:41:52.187000000,,,
13,5,2018-06-12 16:41:52.187000000,59,1090,2018-06-13 16:41:52.187000000,,,
13,5,2018-06-13 16:41:52.187000000,60,1100,2018-06-14 16:41:52.187000000,,,
13,5,2018-06-14 16:41:52.187000000,61,1110,2018-06-15 16:41:52.187000000,,,
13,5,2018-06-15 16:41:52.187000000,62,1120,2018-06-16 16:41:52.187000000,,,
13,5,2018-06-16 16:41:52.187000000,63,1130,2018-06-17 16:41:52.187000000,,,
13,5,2018-06-17 16:41:52.187000000,64,1140,2018-06-18 16:41:52.187000000,,,
13,5,2018-06-18 16:41:52.187000000,65,1150,2018-06-19 16:41:52.187000000,,,
13,5,2018-06-19 16:41:52.187000000,66,1160,2018-06-20 16:41:52.187000000,,,
13,5,2018-06-20 16:41:52.187000000,67,1170,2018-06-21 16:41:52.187000000,,,
13,5,2018-06-21 16:41:52.187000000,68,1180,2018-06-22 16:41:52.187000000,,,
13,5,2018-06-22 16:41:52.187000000,69,1190,2018-06-23 16:41:52.187000000,,,
13,5,2018-06-23 16:41:52.187000000,70,1200,2018-06-24 16:41:52.187000000,,,
13,5,2018-06-24 16:41:52.187000000,71,1210,2018-06-25 16:41:52.187000000,,,
13,5,2018-06-25 16:41:52.187000000,72,1220,2018-06-26 16:41:52.187000000,,,
13,5,2018-06-26 16:41:52.187000000,73,1230,2018-06-27 16:41:52.187000000,,,
13,5,2018-06-27 16:41:52.187000000,74,1240,2018-06-28 16:41:52.187000000,,,
13,5,2018-06-28 16:41:52.187000000,75,1250,2018-06-29 16:41:52.187000000,,,
13,5,2018-06-29 16:41:52.187000000,76,1260,2018-06-30 16:41:52.187000000,,,
13,5,2018-06-30 16:41:52.187000000,77,1270,2018-07-01 16:41:52.187000000,,,
13,5,2018-07-01 16:41:52.187000000,78,1280,2018-07-02 16:41:52.187000000,,,
13,5,2018-07-02 16:41:52.187000000,79,1290,2018-07-03 16:41:52.187000000,,,
13,6,2018-05-15 16:41:52.187000000,20,600,2018-05-16 16:41:52.187000000,,,
13,6,2018-05-16 16:41:52.187000000,21,610,2018-05-17 16:41:52.187000000,,,
13,6,2018-05-17 16:41:52.187000000,22,620,2018-05-18 16:41:52.187000000,,,
13,6,2018-05-18 16:41:52.187000000,23,630,2018-05-19 16:41:52.187000000,,,
13,6,2018-05-19 16:41:52.187000000,24,640,2018-05-20 16:41:52.187000000,,,
13,6,2018-05-20 16:41:52.187000000,25,650,2018-05-21 16:41:52.187000000,,,
13,6,2018-05-21 16:41:52.187000000,26,660,2018-05-22 16:41:52.187000000,,,
13,6,2018-05-22 16:41:52.187000000,27,670,2018-05-23 16:41:52.187000000,,,
13,6,2018-05-23 16:41:52.187000000,28,680,2018-05-24 16:41:52.187000000,,,
13,6,2018-05-24 16:41:52.187000000,29,690,2018-05-25 16:41:52.187000000,,,
13,6,2018-05-25 16:41:52.187000000,30,700,2018-05-26 16:41:52.187000000,,,
13,6,2018-05-26 16:41:52.187000000,31,710,2018-05-27 16:41:52.187000000,,,
13,6,2018-05-27 16:41:52.187000000,32,720,2018-05-28 16:41:52.187000000,,,
13,6,2018-05-28 16:41:52.187000000,33,730,2018-05-29 16:41:52.187000000,,,
13,6,2018-05-29 16:41:52.187000000,34,740,2018-05-30 16:41:52.187000000,,,
13,6,2018-05-30 16:41:52.187000000,35,750,2018-05-31 16:41:52.187000000,,,
13,6,2018-05-31 16:41:52.187000000,36,760,2018-06-01 16:41:52.187000000,,,
13,6,2018-06-01 16:41:52.187000000,37,770,2018-06-02 16:41:52.187000000,,,
13,6,2018-06-02 16:41:52.187000000,38,780,2018-06-03 16:41:52.187000000,,,
13,6,2018-06-03 16:41:52.187000000,39,790,2018-06-04 16:41:52.187000000,,,
13,6,2018-06-04 16:41:52.187000000,40,800,2018-06-05 16:41:52.187000000,,,
13,6,2018-06-05 16:41:52.187000000,41,810,2018-06-06 16:41:52.187000000,,,
13,6,2018-06-06 16:41:52.187000000,42,820,2018-06-07 16:41:52.187000000,,,
13,6,2018-06-07 16:41:52.187000000,43,830,2018-06-08 16:41:52.187000000,,,
13,6,2018-06-08 16:41:52.187000000,44,840,2018-06-09 16:41:52.187000000,,,
13,6,2018-06-09 16:41:52.187000000,45,850,2018-06-10 16:41:52.187000000,,,
13,6,2018-06-10 16:41:52.187000000,46,860,2018-06-11 16:41:52.187000000,,,
13,6,2018-06-11 16:41:52.187000000,47,870,2018-06-12 16:41:52.187000000,,,
13,6,2018-06-12 16:41:52.187000000,48,880,2018-06-13 16:41:52.187000000,,,
13,6,2018-06-13 16:41:52.187000000,49,890,2018-06-14 16:41:52.187000000,,,
13,6,2018-06-14 16:41:52.187000000,50,900,2018-06-15 16:41:52.187000000,,,
13,6,2018-06-15 16:41:52.187000000,51,910,2018-06-16 16:41:52.187000000,,,
13,6,2018-06-16 16:41:52.187000000,52,920,2018-06-17 16:41:52.187000000,,,
13,6,2018-06-17 16:41:52.187000000,53,930,2018-06-18 16:41:52.187000000,,,
13,6,2018-06-18 16:41:52.187000000,54,940,2018-06-19 16:41:52.187000000,,,
13,6,2018-06-19 16:41:52.187000000,55,950,2018-06-20 16:41:52.187000000,,,
13,6,2018-06-20 16:41:52.187000000,56,960,2018-06-21 16:41:52.187000000,,,
13,6,2018-06-21 16:41:52.187000000,57,970,2018-06-22 16:41:52.187000000,,,
13,6,2018-06-22 16:41:52.187000000,58,980,2018-06-23 16:41:52.187000000,,,
13,6,2018-06-23 16:41:52.187000000,59,990,2018-06-24 16:41:52.187000000,,,
13,6,2018-06-24 16:41:52.187000000,60,1000,2018-06-25 16:41:52.187000000,,,
13,6,2018-06-25 16:41:52.187000000,61,1010,2018-06-26 16:41:52.187000000,,,
13,6,2018-06-26 16:41:52.187000000,62,1020,2018-06-27 16:41:52.187000000,,,
13,6,2018-06-27 16:41:52.187000000,63,1030,2018-06-28 16:41:52.187000000,,,
13,6,2018-06-28 16:41:52.187000000,64,1040,2018-06-29 16:41:52.187000000,,,
13,6,2018-06-29 16:41:52.187000000,65,1050,2018-06-30 16:41:52.187000000,,,
13,6,2018-06-30 16:41:52.187000000,66,1060,2018-07-01 16:41:52.187000000,,,
13,6,2018-07-01 16:41:52.187000000,67,1070,2018-07-02 16:41:52.187000000,,,
13,6,2018-07-02 16:41:52.187000000,68,1080,2018-07-03 16:41:52.187000000,,,
13,6,2018-07-03 16:41:52.187000000,69,1090,2018-07-04 16:41:52.187000000,,,
12,6,2018-05-16 16:41:52.187000000,30,800,2018-05-17 16:41:52.187000000,,,
12,6,2018-05-17 16:41:52.187000000,31,810,2018-05-18 16:41:52.187000000,,,
12,6,2018-05-18 16:41:52.187000000,32,820,2018-05-19 16:41:52.187000000,,,
12,6,2018-05-19 16:41:52.187000000,33,830,2018-05-20 16:41:52.187000000,,,
12,6,2018-05-20 16:41:52.187000000,34,840,2018-05-21 16:41:52.187000000,,,
12,6,2018-05-21 16:41:52.187000000,35,850,2018-05-22 16:41:52.187000000,,,
12,6,2018-05-22 16:41:52.187000000,36,860,2018-05-23 16:41:52.187000000,,,
12,6,2018-05-23 16:41:52.187000000,37,870,2018-05-24 16:41:52.187000000,,,
12,6,2018-05-24 16:41:52.187000000,38,880,2018-05-25 16:41:52.187000000,,,
12,6,2018-05-25 16:41:52.187000000,39,890,2018-05-26 16:41:52.187000000,,,
12,6,2018-05-26 16:41:52.187000000,40,900,2018-05-27 16:41:52.187000000,,,
12,6,2018-05-27 16:41:52.187000000,41,910,2018-05-28 16:41:52.187000000,,,
12,6,2018-05-28 16:41:52.187000000,42,920,2018-05-29 16:41:52.187000000,,,
12,6,2018-05-29 16:41:52.187000000,43,930,2018-05-30 16:41:52.187000000,,,
12,6,2018-05-30 16:41:52.187000000,44,940,2018-05-31 16:41:52.187000000,,,
12,6,2018-05-31 16:41:52.187000000,45,950,2018-06-01 16:41:52.187000000,,,
12,6,2018-06-01 16:41:52.187000000,46,960,2018-06-02 16:41:52.187000000,,,
12,6,2018-06-02 16:41:52.187000000,47,970,2018-06-03 16:41:52.187000000,,,
12,6,2018-06-03 16:41:52.187000000,48,980,2018-06-04 16:41:52.187000000,,,
12,6,2018-06-04 16:41:52.187000000,49,990,2018-06-05 16:41:52.187000000,,,
12,6,2018-06-05 16:41:52.187000000,50,1000,2018-06-06 16:41:52.187000000,,,
12,6,2018-06-06 16:41:52.187000000,51,1010,2018-06-07 16:41:52.187000000,,,
12,6,2018-06-07 16:41:52.187000000,52,1020,2018-06-08 16:41:52.187000000,,,
12,6,2018-06-08 16:41:52.187000000,53,1030,2018-06-09 16:41:52.187000000,,,
12,6,2018-06-09 16:41:52.187000000,54,1040,2018-06-10 16:41:52.187000000,,,
12,6,2018-06-10 16:41:52.187000000,55,1050,2018-06-11 16:41:52.187000000,,,
12,6,2018-06-11 16:41:52.187000000,56,1060,2018-06-12 16:41:52.187000000,,,
12,6,2018-06-12 16:41:52.187000000,57,1070,2018-06-13 16:41:52.187000000,,,
12,6,2018-06-13 16:41:52.187000000,58,1080,2018-06-14 16:41:52.187000000,,,
12,6,2018-06-14 16:41:52.187000000,59,1090,2018-06-15 16:41:52.187000000,,,
12,6,2018-06-15 16:41:52.187000000,60,1100,2018-06-16 16:41:52.187000000,,,
12,6,2018-06-16 16:41:52.187000000,61,1110,2018-06-17 16:41:52.187000000,,,
12,6,2018-06-17 16:41:52.187000000,62,1120,2018-06-18 16:41:52.187000000,,,
12,6,2018-06-18 16:41:52.187000000,63,1130,2018-06-19 16:41:52.187000000,,,
12,6,2018-06-19 16:41:52.187000000,64,1140,2018-06-20 16:41:52.187000000,,,
12,6,2018-06-20 16:41:52.187000000,65,1150,2018-06-21 16:41:52.187000000,,,
12,6,2018-06-21 16:41:52.187000000,66,1160,2018-06-22 16:41:52.187000000,,,
12,6,2018-06-22 16:41:52.187000000,67,1170,2018-06-23 16:41:52.187000000,,,
12,6,2018-06-23 16:41:52.187000000,68,1180,2018-06-24 16:41:52.187000000,,,
12,6,2018-06-24 16:41:52.187000000,69,1190,2018-06-25 16:41:52.187000000,,,
12,6,2018-06-25 16:41:52.187000000,70,1200,2018-06-26 16:41:52.187000000,,,
12,6,2018-06-26 16:41:52.187000000,71,1210,2018-06-27 16:41:52.187000000,,,
12,6,2018-06-27 16:41:52.187000000,72,1220,2018-06-28 16:41:52.187000000,,,
12,6,2018-06-28 16:41:52.187000000,73,1230,2018-06-29 16:41:52.187000000,,,
12,6,2018-06-29 16:41:52.187000000,74,1240,2018-06-30 16:41:52.187000000,,,
12,6,2018-06-30 16:41:52.187000000,75,1250,2018-07-01 16:41:52.187000000,,,
12,6,2018-07-01 16:41:52.187000000,76,1260,2018-07-02 16:41:52.187000000,,,
12,6,2018-07-02 16:41:52.187000000,77,1270,2018-07-03 16:41:52.187000000,,,
12,6,2018-07-03 16:41:52.187000000,78,1280,2018-07-04 16:41:52.187000000,,,
12,6,2018-07-04 16:41:52.187000000,79,1290,2018-07-05 16:41:52.187000000,,,
16,7,2022-05-05 16:41:52.187000000,100,20000,2022-05-06 16:41:52.187000000,,,
16,7,2022-05-06 16:41:52.187000000,101,20010,2022-05-07 16:41:52.187000000,,,
16,7,2022-05-07 16:41:52.187000000,102,20020,2022-05-08 16:41:52.187000000,,,
16,7,2022-05-08 16:41:52.187000000,103,20030,2022-05-09 16:41:52.187000000,,,
16,7,2022-05-09 16:41:52.187000000,104,20040,2022-05-10 16:41:52.187000000,,,
16,7,2022-05-10 16:41:52.187000000,105,20050,2022-05-11 16:41:52.187000000,,,
16,7,2022-05-11 16:41:52.187000000,106,20060,2022-05-12 16:41:52.187000000,,,
16,7,2022-05-12 16:41:52.187000000,107,20070,2022-05-13 16:41:52.187000000,,,
16,7,2022-05-13 16:41:52.187000000,108,20080,2022-05-14 16:41:52.187000000,,,
16,7,2022-05-14 16:41:52.187000000,109,20090,2022-05-15 16:41:52.187000000,,,
16,7,2022-05-15 16:41:52.187000000,110,20100,2022-05-16 16:41:52.187000000,,,
16,7,2022-05-16 16:41:52.187000000,111,20110,2022-05-17 16:41:52.187000000,,,
16,7,2022-05-17 16:41:52.187000000,112,20120,2022-05-18 16:41:52.187000000,,,
16,7,2022-05-18 16:41:52.187000000,113,20130,2022-05-19 16:41:52.187000000,,,
16,7,2022-05-19 16:41:52.187000000,114,20140,2022-05-20 16:41:52.187000000,,,
16,7,2022-05-20 16:41:52.187000000,115,20150,2022-05-21 16:41:52.187000000,,,
16,7,2022-05-21 16:41:52.187000000,116,20160,2022-05-22 16:41:52.187000000,,,
16,7,2022-05-22 16:41:52.187000000,117,20170,2022-05-23 16:41:52.187000000,,,
16,7,2022-05-23 16:41:52.187000000,118,20180,2022-05-24 16:41:52.187000000,,,
16,7,2022-05-24 16:41:52.187000000,119,20190,2022-05-25 16:41:52.187000000,,,
16,7,2022-05-25 16:41:52.187000000,120,20200,2022-05-26 16:41:52.187000000,,,
16,7,2022-05-26 16:41:52.187000000,121,20210,2022-05-27 16:41:52.187000000,,,
16,7,2022-05-27 16:41:52.187000000,122,20220,2022-05-28 16:41:52.187000000,,,
16,7,2022-05-28 16:41:52.187000000,123,20230,2022-05-29 16:41:52.187000000,,,
16,7,2022-05-29 16:41:52.187000000,124,20240,2022-05-30 16:41:52.187000000,,,
16,7,2022-05-30 16:41:52.187000000,125,20250,2022-05-31 16:41:52.187000000,,,
16,7,2022-05-31 16:41:52.187000000,126,20260,2022-06-01 16:41:52.187000000,,,
16,7,2022-06-01 16:41:52.187000000,127,20270,2022-06-02 16:41:52.187000000,,,
16,7,2022-06-02 16:41:52.187000000,128,20280,2022-06-03 16:41:52.187000000,,,
16,7,2022-06-03 16:41:52.187000000,129,20290,2022-06-04 16:41:52.187000000,,,
16,7,2022-06-04 16:41:52.187000000,130,20300,2022-06-05 16:41:52.187000000,,,
16,7,2022-06-05 16:41:52.187000000,131,20310,2022-06-06 16:41:52.187000000,,,
16,7,2022-06-06 16:41:52.187000000,132,20320,2022-06-07 16:41:52.187000000,,,
16,7,2022-06-07 16:41:52.187000000,133,20330,2022-06-08 16:41:52.187000000,,,
16,7,2022-06-08 16:41:52.187000000,134,20340,2022-06-09 16:41:52.187000000,,,
16,7,2022-06-09 16:41:52.187000000,135,20350,2022-06-10 16:41:52.187000000,,,
16,7,2022-06-10 16:41:52.187000000,136,20360,2022-06-11 16:41:52.187000000,,,
16,7,2022-06-11 16:41:52.187000000,137,20370,2022-06-12 16:41:52.187000000,,,
16,7,2022-06-12 16:41:52.187000000,138,20380,2022-06-13 16:41:52.187000000,,,
16,7,2022-06-13 16:41:52.187000000,139,20390,2022-06-14 16:41:52.187000000,,,
16,7,2022-06-14 16:41:52.187000000,140,20400,2022-06-15 16:41:52.187000000,,,
16,7,2022-06-15 16:41:52.187000000,141,20410,2022-06-16 16:41:52.187000000,,,
16,7,2022-06-16 16:41:52.187000000,142,20420,2022-06-17 16:41:52.187000000,,,
16,7,2022-06-17 16:41:52.187000000,143,20430,2022-06-18 16:41:52.187000000,,,
16,7,2022-06-18 16:41:52.187000000,144,20440,2022-06-19 16:41:52.187000000,,,
16,7,2022-06-19 16:41:52.187000000,145,20450,2022-06-20 16:41:52.187000000,,,
16,7,2022-06-20 16:41:52.187000000,146,20460,2022-06-21 16:41:52.187000000,,,
16,7,2022-06-21 16:41:52.187000000,147,20470,2022-06-22 16:41:52.187000000,,,
16,7,2022-06-22 16:41:52.187000000,148,20480,2022-06-23 16:41:52.187000000,,,
16,7,2022-06-23 16:41:52.187000000,149,20490,2022-06-24 16:41:52.187000000,,,
17,7,2022-05-06 16:41:52.187000000,200,30000,2022-05-07 16:41:52.187000000,,,
17,7,2022-05-07 16:41:52.187000000,201,30010,2022-05-08 16:41:52.187000000,,,
17,7,2022-05-08 16:41:52.187000000,202,30020,2022-05-09 16:41:52.187000000,,,
17,7,2022-05-09 16:41:52.187000000,203,30030,2022-05-10 16:41:52.187000000,,,
17,7,2022-05-10 16:41:52.187000000,204,30040,2022-05-11 16:41:52.187000000,,,
17,7,2022-05-11 16:41:52.187000000,205,30050,2022-05-12 16:41:52.187000000,,,
17,7,2022-05-12 16:41:52.187000000,206,30060,2022-05-13 16:41:52.187000000,,,
17,7,2022-05-13 16:41:52.187000000,207,30070,2022-05-14 16:41:52.187000000,,,
17,7,2022-05-14 16:41:52.187000000,208,30080,2022-05-15 16:41:52.187000000,,,
17,7,2022-05-15 16:41:52.187000000,209,30090,2022-05-16 16:41:52.187000000,,,
17,7,2022-05-16 16:41:52.187000000,210,30100,2022-05-17 16:41:52.187000000,,,
17,7,2022-05-17 16:41:52.187000000,211,30110,2022-05-18 16:41:52.187000000,,,
17,7,2022-05-18 16:41:52.187000000,212,30120,2022-05-19 16:41:52.187000000,,,
17,7,2022-05-19 16:41:52.187000000,213,30130,2022-05-20 16:41:52.187000000,,,
17,7,2022-05-20 16:41:52.187000000,214,30140,2022-05-21 16:41:52.187000000,,,
17,7,2022-05-21 16:41:52.187000000,215,30150,2022-05-22 16:41:52.187000000,,,
17,7,2022-05-22 16:41:52.187000000,216,30160,2022-05-23 16:41:52.187000000,,,
17,7,2022-05-23 16:41:52.187000000,217,30170,2022-05-24 16:41:52.187000000,,,
17,7,2022-05-24 16:41:52.187000000,218,30180,2022-05-25 16:41:52.187000000,,,
17,7,2022-05-25 16:41:52.187000000,219,30190,2022-05-26 16:41:52.187000000,,,
17,7,2022-05-26 16:41:52.187000000,220,30200,2022-05-27 16:41:52.187000000,,,
17,7,2022-05-27 16:41:52.187000000,221,30210,2022-05-28 16:41:52.187000000,,,
17,7,2022-05-28 16:41:52.187000000,222,30220,2022-05-29 16:41:52.187000000,,,
17,7,2022-05-29 16:41:52.187000000,223,30230,2022-05-30 16:41:52.187000000,,,
17,7,2022-05-30 16:41:52.187000000,224,30240,2022-05-31 16:41:52.187000000,,,
17,7,2022-05-31 16:41:52.187000000,225,30250,2022-06-01 16:41:52.187000000,,,
17,7,2022-06-01 16:41:52.187000000,226,30260,2022-06-02 16:41:52.187000000,,,
17,7,2022-06-02 16:41:52.187000000,227,30270,2022-06-03 16:41:52.187000000,,,
17,7,2022-06-03 16:41:52.187000000,228,30280,2022-06-04 16:41:52.187000000,,,
17,7,2022-06-04 16:41:52.187000000,229,30290,2022-06-05 16:41:52.187000000,,,
17,7,2022-06-05 16:41:52.187000000,230,30300,2022-06-06 16:41:52.187000000,,,
17,7,2022-06-06 16:41:52.187000000,231,30310,2022-06-07 16:41:52.187000000,,,
17,7,2022-06-07 16:41:52.187000000,232,30320,2022-06-08 16:41:52.187000000,,,
17,7,2022-06-08 16:41:52.187000000,233,30330,2022-06-09 16:41:52.187000000,,,
17,7,2022-06-09 16:41:52.187000000,234,30340,2022-06-10 16:41:52.187000000,,,
17,7,2022-06-10 16:41:52.187000000,235,30350,2022-06-11 16:41:52.187000000,,,
17,7,2022-06-11 16:41:52.187000000,236,30360,2022-06-12 16:41:52.187000000,,,
17,7,2022-06-12 16:41:52.187000000,237,30370,2022-06-13 16:41:52.187000000,,,
17,7,2022-06-13 16:41:52.187000000,238,30380,2022-06-14 16:41:52.187000000,,,
17,7,2022-06-14 16:41:52.187000000,239,30390,2022-06-15 16:41:52.187000000,,,
17,7,2022-06-15 16:41:52.187000000,240,30400,2022-06-16 16:41:52.187000000,,,
17,7,2022-06-16 16:41:52.187000000,241,30410,2022-06-17 16:41:52.187000000,,,
17,7,2022-06-17 16:41:52.187000000,242,30420,2022-06-18 16:41:52.187000000,,,
17,7,2022-06-18 16:41:52.187000000,243,30430,2022-06-19 16:41:52.187000000,,,
17,7,2022-06-19 16:41:52.187000000,244,30440,2022-06-20 16:41:52.187000000,,,
17,7,2022-06-20 16:41:52.187000000,245,30450,2022-06-21 16:41:52.187000000,,,
17,7,2022-06-21 16:41:52.187000000,246,30460,2022-06-22 16:41:52.187000000,,,
17,7,2022-06-22 16:41:52.187000000,247,30470,2022-06-23 16:41:52.187000000,,,
17,7,2022-06-23 16:41:52.187000000,248,30480,2022-06-24 16:41:52.187000000,,,
17,7,2022-06-10 16:41:52.187000000,249,30490,2022-06-11 16:41:52.187000000,,,
18,6,2022-06-23 16:41:52.187000000,248,30480,2022-06-24 16:41:52.187000000,,,
19,6,2022-06-23 16:41:52.187000000,248,30480,2022-06-24 16:41:52.187000000,,,
18,7,2022-06-28 16:41:52.187000000,248,30480,2022-06-29 16:41:52.187000000,,,
19,7,2022-06-01 16:41:52.187000000,248,30480,2022-06-02 16:41:52.187000000,,,
17,6,2022-06-11 16:41:52.187000000,248,30480,2022-06-12 16:41:52.187000000,,,
22,6,2022-01-01 16:41:52.187000000,248,30480,2022-01-02 16:41:52.187000000,,,
23,6,2023-01-01 16:41:52.187000000,248,30480,2023-02-01 16:41:52.187000000,,,
1,1,2018-06-24 16:41:52.187000000,81,1500,2018-06-25 16:41:52.187000000,,,
